{
  "_fv": 77,
  "_type": "gui",
  "definition": {
    "type": 0,
    "width": 176,
    "height": 166,
    "inventoryOffsetX": 0,
    "inventoryOffsetY": 0,
    "renderBgLayer": true,
    "doesPauseGame": false,
    "components": [
      {
        "type": "label",
        "data": {
          "name": "label_select_your_beans",
          "text": {
            "fixedValue": "Select Your Beans!"
          },
          "color": {
            "value": -12829636,
            "falpha": 0.0
          },
          "x": 132,
          "y": 44,
          "locked": false
        }
      },
      {
        "type": "button",
        "data": {
          "name": "button_god_beans",
          "text": "God Beans",
          "isUndecorated": false,
          "onClick": {
            "name": "VODK"
          },
          "width": 72,
          "height": 20,
          "x": 132,
          "y": 170,
          "locked": false
        }
      },
      {
        "type": "button",
        "data": {
          "name": "button_void_igniter",
          "text": "Void Igniter",
          "isUndecorated": false,
          "onClick": {
            "name": "Hell"
          },
          "width": 87,
          "height": 20,
          "x": 132,
          "y": 143,
          "locked": false
        }
      }
    ],
    "gridSettings": {
      "sx": 18,
      "sy": 18,
      "ox": 11,
      "oy": 15,
      "snapOnGrid": true
    }
  }
}