{
  "_fv": 77,
  "_type": "item",
  "definition": {
    "renderType": 0,
    "texture": "kisspng-heinz-baked-beans-h-j-heinz-company-tin-can-5b166e0faefa23.8385446115281966237167",
    "customModelName": "Normal",
    "customProperties": {},
    "states": [],
    "name": "Beans",
    "rarity": "COMMON",
    "creativeTabs": [
      {
        "value": "CUSTOM:Foods"
      }
    ],
    "stackSize": 1,
    "enchantability": 0,
    "useDuration": 32,
    "toolType": 0.0,
    "damageCount": 0,
    "recipeRemainder": {
      "value": ""
    },
    "destroyAnyBlock": false,
    "immuneToFire": false,
    "stayInGridWhenCrafting": false,
    "damageOnCrafting": false,
    "enableMeleeDamage": false,
    "damageVsEntity": 0.0,
    "specialInformation": {
      "fixedValue": []
    },
    "inventorySize": 9,
    "inventoryStackSize": 64,
    "onRightClickedInAir": {
      "name": "Loadgui"
    },
    "enableRanged": false,
    "shootConstantly": false,
    "rangedItemChargesPower": false,
    "projectileDisableAmmoCheck": false,
    "isFood": true,
    "nutritionalValue": 15,
    "saturation": 15.0,
    "eatResultItem": {
      "value": "Blocks.NETHERITE_BLOCK"
    },
    "isMeat": false,
    "isAlwaysEdible": false,
    "animation": "eat",
    "isMusicDisc": false,
    "musicDiscLengthInTicks": 0,
    "musicDiscAnalogOutput": 0
  }
}