{
  "_fv": 28,
  "_type": "recipe",
  "definition": {
    "recipeType": "Crafting",
    "xpReward": 0.0,
    "cookingTime": 200,
    "recipeRetstackSize": 1,
    "group": "",
    "recipeShapeless": false,
    "recipeSlots": [
      {
        "value": ""
      },
      {
        "value": "Items.BREAD"
      },
      {
        "value": ""
      },
      {
        "value": "Blocks.LEAVES"
      },
      {
        "value": "Items.REDSTONE"
      },
      {
        "value": "Items.COOKED_BEEF"
      },
      {
        "value": ""
      },
      {
        "value": "Items.BREAD"
      },
      {
        "value": "Items.DYE#11"
      }
    ],
    "recipeReturnStack": {
      "value": "CUSTOM:Borgir"
    },
    "name": "borgio",
    "namespace": "mod"
  }
}