{
  "_fv": 28,
  "_type": "potion",
  "definition": {
    "potionName": "Lean",
    "splashName": "Splash of Lean",
    "lingeringName": "Lingering of Lean",
    "arrowName": "Arrow of Lean",
    "effects": [
      {
        "effect": {
          "value": "LUCK"
        },
        "duration": 4000,
        "amplifier": 0,
        "ambient": false,
        "showParticles": true
      },
      {
        "effect": {
          "value": "SPEED"
        },
        "duration": 4000,
        "amplifier": 2,
        "ambient": false,
        "showParticles": true
      },
      {
        "effect": {
          "value": "INSTANT_HEALTH"
        },
        "duration": 4000,
        "amplifier": 1,
        "ambient": false,
        "showParticles": true
      },
      {
        "effect": {
          "value": "STRENGTH"
        },
        "duration": 4000,
        "amplifier": 2,
        "ambient": false,
        "showParticles": true
      },
      {
        "effect": {
          "value": "WATER_BREATHING"
        },
        "duration": 4000,
        "amplifier": 1,
        "ambient": false,
        "showParticles": true
      }
    ]
  }
}