{
  "_fv": 77,
  "_type": "projectile",
  "definition": {
    "projectileItem": {
      "value": "Blocks.TNT"
    },
    "showParticles": true,
    "actionSound": {
      "value": "entity.arrow.shoot"
    },
    "igniteFire": true,
    "power": 100.0,
    "damage": 69.0,
    "knockback": 5,
    "entityModel": "Default",
    "customModelTexture": "",
    "modelWidth": 0.5,
    "modelHeight": 0.5,
    "onHitsBlock": {
      "name": "Nuke"
    },
    "onHitsPlayer": {
      "name": "Nuke"
    },
    "onHitsEntity": {
      "name": "Nuke"
    },
    "onFlyingTick": {
      "name": "Nuke"
    }
  }
}