{
  "_fv": 77,
  "_type": "tool",
  "definition": {
    "toolType": "Pickaxe",
    "renderType": 0,
    "blockingRenderType": 0,
    "texture": "obsidian_pickaxe",
    "customModelName": "Normal",
    "blockingModelName": "Normal blocking",
    "name": "Walmart Obsidian Pickaxe",
    "specialInformation": {
      "fixedValue": []
    },
    "creativeTabs": [
      {
        "value": "CUSTOM:IFGTools"
      }
    ],
    "efficiency": 25.0,
    "attackSpeed": 0.5,
    "enchantability": 21,
    "damageVsEntity": 71.0,
    "usageCount": 25000,
    "repairItems": [
      {
        "value": "Blocks.OBSIDIAN"
      }
    ],
    "immuneToFire": true,
    "blockDropsTier": "NETHERITE",
    "blocksAffected": [],
    "stayInGridWhenCrafting": false,
    "damageOnCrafting": false,
    "onRightClickedInAir": {
      "name": "Summonnut"
    }
  }
}