{
  "_fv": 77,
  "_type": "overlay",
  "definition": {
    "priority": "NORMAL",
    "components": [
      {
        "type": "label",
        "data": {
          "name": "label_liek_and_subscrib",
          "text": {
            "fixedValue": "liek and subscrib"
          },
          "color": {
            "value": -12829636,
            "falpha": 0.0
          },
          "anchorPoint": "CENTER",
          "x": 16,
          "y": 219,
          "locked": false
        }
      }
    ],
    "baseTexture": "",
    "overlayTarget": "Ingame",
    "gridSettings": {
      "sx": 18,
      "sy": 18,
      "ox": 11,
      "oy": 15,
      "snapOnGrid": false
    }
  }
}