{
  "credit": "Made with Blockbench",
  "elements": [
    {
      "from": [
        0,
        0,
        0
      ],
      "to": [
        16,
        4,
        16
      ],
      "faces": {
        "north": {
          "uv": [
            8,
            0,
            16,
            2
          ],
          "texture": "#0"
        },
        "east": {
          "uv": [
            8,
            2,
            16,
            4
          ],
          "texture": "#0"
        },
        "south": {
          "uv": [
            8,
            4,
            16,
            6
          ],
          "texture": "#0"
        },
        "west": {
          "uv": [
            8,
            6,
            16,
            8
          ],
          "texture": "#0"
        },
        "up": {
          "uv": [
            8,
            8,
            0,
            0
          ],
          "texture": "#0"
        },
        "down": {
          "uv": [
            8,
            8,
            0,
            16
          ],
          "texture": "#0"
        }
      }
    },
    {
      "from": [
        5,
        4,
        5
      ],
      "to": [
        11,
        5,
        11
      ],
      "faces": {
        "north": {
          "uv": [
            6,
            0,
            12,
            1
          ],
          "texture": "#2"
        },
        "east": {
          "uv": [
            6,
            1,
            12,
            2
          ],
          "texture": "#2"
        },
        "south": {
          "uv": [
            6,
            2,
            12,
            3
          ],
          "texture": "#2"
        },
        "west": {
          "uv": [
            6,
            3,
            12,
            4
          ],
          "texture": "#2"
        },
        "up": {
          "uv": [
            6,
            6,
            0,
            0
          ],
          "texture": "#2"
        },
        "down": {
          "uv": [
            6,
            6,
            0,
            12
          ],
          "texture": "#2"
        }
      }
    },
    {
      "from": [
        2,
        5,
        1
      ],
      "to": [
        14,
        15,
        14
      ],
      "faces": {
        "north": {
          "uv": [
            0,
            5.75,
            3,
            8.25
          ],
          "texture": "#1"
        },
        "east": {
          "uv": [
            0,
            3.25,
            3.25,
            5.75
          ],
          "texture": "#1"
        },
        "south": {
          "uv": [
            3,
            5.75,
            6,
            8.25
          ],
          "texture": "#1"
        },
        "west": {
          "uv": [
            3.25,
            3.25,
            6.5,
            5.75
          ],
          "texture": "#1"
        },
        "up": {
          "uv": [
            3,
            3.25,
            0,
            0
          ],
          "texture": "#1"
        },
        "down": {
          "uv": [
            6,
            0,
            3,
            3.25
          ],
          "texture": "#1"
        }
      }
    }
  ]
}